{"cameraMode":{"drawMode":0,"name":"Shaded","section":"Shading Mode"},"sceneLighting":true,"audioPlay":false,"sceneViewState":{"m_AlwaysRefresh":false,"showFog":true,"showSkybox":true,"showFlares":true,"showImageEffects":true,"showParticleSystems":true,"showVisualEffectGraphs":true,"m_FxEnabled":true},"in2DMode":false,"pivot":{"x":0.046680450439453128,"y":1.3904154300689698,"z":-2.384185791015625e-7},"rotation":{"x":-0.0014938049716874958,"y":-0.08510293066501618,"z":-0.00013208255404606462,"w":0.9963913559913635},"size":3.215083122253418,"orthographic":false}