{"cameraMode":{"drawMode":0,"name":"Shaded","section":"Shading Mode"},"sceneLighting":true,"audioPlay":false,"sceneViewState":{"m_AlwaysRefresh":false,"showFog":true,"showSkybox":true,"showFlares":true,"showImageEffects":true,"showParticleSystems":true,"showVisualEffectGraphs":true,"m_FxEnabled":true},"in2DMode":false,"pivot":{"x":25.11611557006836,"y":4.655961036682129,"z":-0.13632798194885255},"rotation":{"x":0.014999954029917717,"y":0.004795139655470848,"z":-0.00007653483771719038,"w":0.9998959302902222},"size":8.245739936828614,"orthographic":false}