{"cameraMode":{"drawMode":0,"name":"Shaded","section":"Shading Mode"},"sceneLighting":true,"audioPlay":false,"sceneViewState":{"m_AlwaysRefresh":false,"showFog":true,"showSkybox":true,"showFlares":true,"showImageEffects":true,"showParticleSystems":true,"showVisualEffectGraphs":true,"m_FxEnabled":true},"in2DMode":false,"pivot":{"x":10.571072578430176,"y":0.20493972301483155,"z":-4.121418476104736},"rotation":{"x":0.014999954029917717,"y":0.004795139655470848,"z":-0.00007653483771719038,"w":0.9998959302902222},"size":4.6439971923828129,"orthographic":false}