{"cameraMode":{"drawMode":0,"name":"Shaded","section":"Shading Mode"},"sceneLighting":true,"audioPlay":false,"sceneViewState":{"m_AlwaysRefresh":false,"showFog":true,"showSkybox":true,"showFlares":true,"showImageEffects":true,"showParticleSystems":true,"showVisualEffectGraphs":true,"m_FxEnabled":true},"in2DMode":false,"pivot":{"x":414.16162109375,"y":377.6932067871094,"z":5.262176513671875},"rotation":{"x":0.014999954029917717,"y":0.004795139655470848,"z":-0.00007653483771719038,"w":0.9998959302902222},"size":153.7351531982422,"orthographic":false}