{"cameraMode":{"drawMode":0,"name":"Shaded","section":"Shading Mode"},"sceneLighting":true,"audioPlay":false,"sceneViewState":{"m_AlwaysRefresh":false,"showFog":true,"showSkybox":true,"showFlares":true,"showImageEffects":true,"showParticleSystems":true,"showVisualEffectGraphs":true,"m_FxEnabled":true},"in2DMode":false,"pivot":{"x":9.235575675964356,"y":3.2252159118652345,"z":2.5471391677856447},"rotation":{"x":0.014999954029917717,"y":0.004795139655470848,"z":-0.00007653483771719038,"w":0.9998959302902222},"size":6.905825614929199,"orthographic":false}