{"cameraMode":{"drawMode":0,"name":"Shaded","section":"Shading Mode"},"sceneLighting":true,"audioPlay":false,"sceneViewState":{"m_AlwaysRefresh":false,"showFog":true,"showSkybox":true,"showFlares":true,"showImageEffects":true,"showParticleSystems":true,"showVisualEffectGraphs":true,"m_FxEnabled":true},"in2DMode":false,"pivot":{"x":11.01408863067627,"y":9.738317489624024,"z":-3.8395848274230959},"rotation":{"x":0.014999954029917717,"y":0.004795139655470848,"z":-0.00007653483771719038,"w":0.9998959302902222},"size":11.772021293640137,"orthographic":false}