{"cameraMode":{"drawMode":0,"name":"Shaded","section":"Shading Mode"},"sceneLighting":true,"audioPlay":false,"sceneViewState":{"m_AlwaysRefresh":false,"showFog":true,"showSkybox":true,"showFlares":true,"showImageEffects":true,"showParticleSystems":true,"showVisualEffectGraphs":true,"m_FxEnabled":true},"in2DMode":false,"pivot":{"x":9.485857963562012,"y":1.8889708518981934,"z":0.36676087975502016},"rotation":{"x":0.023990556597709657,"y":0.024286730214953424,"z":-0.0005834429757669568,"w":0.9994304180145264},"size":2.262491464614868,"orthographic":false}